trial_id,receive_time_ns,feedback,status
1,1784104268518942817,0.0,"Pose validation: True, Valid PoseStamped"
1,1784104268528855961,0.0,Planning trajectory with move_group (GetMotionPlan)...
1,1784104269180896550,0.0,Planning succeeded. Starting trajectory execution.
1,1784104269183125521,0.0070707001723349094,"Executing trajectory point 1/30 (error=0.0071, tol=0.1500)."
1,1784104269183329635,0.05712980404496193,"Executing trajectory point 2/30 (error=0.0571, tol=0.1500)."
1,1784104269183471543,0.12133030593395233,"Executing trajectory point 3/30 (error=0.1213, tol=0.1500)."
1,1784104269183599203,0.18553081154823303,"Executing trajectory point 4/30 (error=0.1855, tol=0.1500)."
1,1784104269286126348,0.18452070653438568,"Executing trajectory point 4/30 (error=0.1845, tol=0.1500)."
1,1784104269385429315,0.18452070653438568,"Executing trajectory point 4/30 (error=0.1845, tol=0.1500)."
1,1784104269485994000,0.18351061642169952,"Executing trajectory point 4/30 (error=0.1835, tol=0.1500)."
1,1784104269586483835,0.18351061642169952,"Executing trajectory point 4/30 (error=0.1835, tol=0.1500)."
1,1784104269688045359,0.18250051140785217,"Executing trajectory point 4/30 (error=0.1825, tol=0.1500)."
1,1784104269790742714,0.18250051140785217,"Executing trajectory point 4/30 (error=0.1825, tol=0.1500)."
1,1784104269888144338,0.18149025738239288,"Executing trajectory point 4/30 (error=0.1815, tol=0.1500)."
1,1784104269988846463,0.18048031628131866,"Executing trajectory point 4/30 (error=0.1805, tol=0.1500)."
1,1784104270090291287,0.17846010625362396,"Executing trajectory point 4/30 (error=0.1785, tol=0.1500)."
1,1784104270192315724,0.17643991112709045,"Executing trajectory point 4/30 (error=0.1764, tol=0.1500)."
1,1784104270292726719,0.17441971600055695,"Executing trajectory point 4/30 (error=0.1744, tol=0.1500)."
1,1784104270392536472,0.17138925194740295,"Executing trajectory point 4/30 (error=0.1714, tol=0.1500)."
1,1784104270500817671,0.16734884679317474,"Executing trajectory point 4/30 (error=0.1673, tol=0.1500)."
1,1784104270594297453,0.16330845654010773,"Executing trajectory point 4/30 (error=0.1633, tol=0.1500)."
1,1784104270694815972,0.15926805138587952,"Executing trajectory point 4/30 (error=0.1593, tol=0.1500)."
1,1784104270795404192,0.1562379151582718,"Executing trajectory point 4/30 (error=0.1562, tol=0.1500)."
1,1784104270895477341,0.1542177051305771,"Executing trajectory point 4/30 (error=0.1542, tol=0.1500)."
1,1784104270998147284,0.1511872559785843,"Executing trajectory point 4/30 (error=0.1512, tol=0.1500)."
1,1784104271131889420,0.1491670459508896,"Executing trajectory point 4/30 (error=0.1492, tol=0.1500)."
1,1784104271132037849,0.2133675515651703,"Executing trajectory point 5/30 (error=0.2134, tol=0.1500)."
1,1784104271262610141,0.21033741533756256,"Executing trajectory point 5/30 (error=0.2103, tol=0.1500)."
1,1784104271463901918,0.20831722021102905,"Executing trajectory point 5/30 (error=0.2083, tol=0.1500)."
1,1784104271464052341,0.20528675615787506,"Executing trajectory point 5/30 (error=0.2053, tol=0.1500)."
1,1784104271499652437,0.20124635100364685,"Executing trajectory point 5/30 (error=0.2012, tol=0.1500)."
1,1784104271599773226,0.19720596075057983,"Executing trajectory point 5/30 (error=0.1972, tol=0.1500)."
1,1784104271700093721,0.1921556144952774,"Executing trajectory point 5/30 (error=0.1922, tol=0.1500)."
1,1784104271800776940,0.1871049553155899,"Executing trajectory point 5/30 (error=0.1871, tol=0.1500)."
1,1784104271901133634,0.18205460906028748,"Executing trajectory point 5/30 (error=0.1821, tol=0.1500)."
1,1784104272001553346,0.17599400877952576,"Executing trajectory point 5/30 (error=0.1760, tol=0.1500)."
1,1784104272101975102,0.16993309557437897,"Executing trajectory point 5/30 (error=0.1699, tol=0.1500)."
1,1784104272202651187,0.16387280821800232,"Executing trajectory point 5/30 (error=0.1639, tol=0.1500)."
1,1784104272303091378,0.15882214903831482,"Executing trajectory point 5/30 (error=0.1588, tol=0.1500)."
1,1784104272404028436,0.15377148985862732,"Executing trajectory point 5/30 (error=0.1538, tol=0.1500)."
1,1784104272504020221,0.14872115850448608,"Executing trajectory point 5/30 (error=0.1487, tol=0.1500)."
1,1784104272504368738,0.2129216492176056,"Executing trajectory point 6/30 (error=0.2129, tol=0.1500)."
1,1784104272604178431,0.2098912000656128,"Executing trajectory point 6/30 (error=0.2099, tol=0.1500)."
1,1784104272704612049,0.20585079491138458,"Executing trajectory point 6/30 (error=0.2059, tol=0.1500)."
1,1784104272804979553,0.20282065868377686,"Executing trajectory point 6/30 (error=0.2028, tol=0.1500)."
1,1784104272905398564,0.20080044865608215,"Executing trajectory point 6/30 (error=0.2008, tol=0.1500)."
1,1784104273005856499,0.19776999950408936,"Executing trajectory point 6/30 (error=0.1978, tol=0.1500)."
1,1784104273106673369,0.19574978947639465,"Executing trajectory point 6/30 (error=0.1957, tol=0.1500)."
1,1784104273206185421,0.19271965324878693,"Executing trajectory point 6/30 (error=0.1927, tol=0.1500)."
1,1784104273307001941,0.18867924809455872,"Executing trajectory point 6/30 (error=0.1887, tol=0.1500)."
1,1784104273407451019,0.1846388578414917,"Executing trajectory point 6/30 (error=0.1846, tol=0.1500)."
1,1784104273507533996,0.1805984526872635,"Executing trajectory point 6/30 (error=0.1806, tol=0.1500)."
1,1784104273607774801,0.17453785240650177,"Executing trajectory point 6/30 (error=0.1745, tol=0.1500)."
1,1784104273708514617,0.16948719322681427,"Executing trajectory point 6/30 (error=0.1695, tol=0.1500)."
1,1784104273808563600,0.16443684697151184,"Executing trajectory point 6/30 (error=0.1644, tol=0.1500)."
1,1784104273908843549,0.15837624669075012,"Executing trajectory point 6/30 (error=0.1584, tol=0.1500)."
1,1784104274009151501,0.15332558751106262,"Executing trajectory point 6/30 (error=0.1533, tol=0.1500)."
1,1784104274109623893,0.1472649872303009,"Executing trajectory point 6/30 (error=0.1473, tol=0.1500)."
1,1784104274110014689,0.2114654928445816,"Executing trajectory point 7/30 (error=0.2115, tol=0.1500)."
1,1784104274210696235,0.2074251025915146,"Executing trajectory point 7/30 (error=0.2074, tol=0.1500)."
1,1784104274311044643,0.20237475633621216,"Executing trajectory point 7/30 (error=0.2024, tol=0.1500)."
1,1784104274411483361,0.19833435118198395,"Executing trajectory point 7/30 (error=0.1983, tol=0.1500)."
1,1784104274515633824,0.19530390202999115,"Executing trajectory point 7/30 (error=0.1953, tol=0.1500)."
1,1784104274612060120,0.19227375090122223,"Executing trajectory point 7/30 (error=0.1923, tol=0.1500)."
1,1784104274712571676,0.18924330174922943,"Executing trajectory point 7/30 (error=0.1892, tol=0.1500)."
1,1784104274812882944,0.18722309172153473,"Executing trajectory point 7/30 (error=0.1872, tol=0.1500)."
1,1784104274913354894,0.184192955493927,"Executing trajectory point 7/30 (error=0.1842, tol=0.1500)."
1,1784104275014965511,0.181162491440773,"Executing trajectory point 7/30 (error=0.1812, tol=0.1500)."
1,1784104275114507920,0.17813235521316528,"Executing trajectory point 7/30 (error=0.1781, tol=0.1500)."
1,1784104275218524111,0.17409195005893707,"Executing trajectory point 7/30 (error=0.1741, tol=0.1500)."
1,1784104275315204796,0.17005155980587006,"Executing trajectory point 7/30 (error=0.1701, tol=0.1500)."
1,1784104275417551700,0.16500090062618256,"Executing trajectory point 7/30 (error=0.1650, tol=0.1500)."
1,1784104275517513259,0.15995024144649506,"Executing trajectory point 7/30 (error=0.1600, tol=0.1500)."
1,1784104275622513775,0.15590983629226685,"Executing trajectory point 7/30 (error=0.1559, tol=0.1500)."
1,1784104275718635938,0.15186943113803864,"Executing trajectory point 7/30 (error=0.1519, tol=0.1500)."
1,1784104275820219283,0.15085949003696442,"Executing trajectory point 7/30 (error=0.1509, tol=0.1500)."
1,1784104275920046549,0.15085949003696442,"Executing trajectory point 7/30 (error=0.1509, tol=0.1500)."
1,1784104276020960833,0.1498495489358902,"Executing trajectory point 7/30 (error=0.1498, tol=0.1500)."
1,1784104276021345779,0.2140500545501709,"Executing trajectory point 8/30 (error=0.2141, tol=0.1500)."
1,1784104276122314816,0.0,Collision predicted; robot stopped and replanning.
1,1784104276795131803,0.0,Collision avoidance replan succeeded; new trajectory has 31 points.
1,1784104276795488475,0.00404040003195405,"Executing trajectory point 1/31 (error=0.0040, tol=0.1500)."
1,1784104276795643497,0.05556271970272064,"Executing trajectory point 2/31 (error=0.0556, tol=0.1500)."
1,1784104276795773372,0.1151658371090889,"Executing trajectory point 3/31 (error=0.1152, tol=0.1500)."
1,1784104276795908597,0.17476895451545715,"Executing trajectory point 4/31 (error=0.1748, tol=0.1500)."
1,1784104276897260456,0.17476895451545715,"Executing trajectory point 4/31 (error=0.1748, tol=0.1500)."
1,1784104276998146648,0.17375870048999786,"Executing trajectory point 4/31 (error=0.1738, tol=0.1500)."
1,1784104277098596677,0.17375870048999786,"Executing trajectory point 4/31 (error=0.1738, tol=0.1500)."
2,1784104284041161027,0.0,"Pose validation: True, Valid PoseStamped"
2,1784104284045512308,0.0,Planning trajectory with move_group (GetMotionPlan)...
2,1784104284580695625,0.0,Planning succeeded. Starting trajectory execution.
2,1784104284581054632,0.019191741943359375,"Executing trajectory point 1/28 (error=0.0192, tol=0.1500)."
2,1784104284581247645,0.08516887575387955,"Executing trajectory point 2/28 (error=0.0852, tol=0.1500)."
2,1784104284581389553,0.15114600956439972,"Executing trajectory point 3/28 (error=0.1511, tol=0.1500)."
2,1784104284688404676,0.15114600956439972,"Executing trajectory point 3/28 (error=0.1511, tol=0.1500)."
2,1784104284777437247,0.15114600956439972,"Executing trajectory point 3/28 (error=0.1511, tol=0.1500)."
2,1784104284876149922,0.15114600956439972,"Executing trajectory point 3/28 (error=0.1511, tol=0.1500)."
2,1784104284977447028,0.15114600956439972,"Executing trajectory point 3/28 (error=0.1511, tol=0.1500)."
2,1784104285075389281,0.15114600956439972,"Executing trajectory point 3/28 (error=0.1511, tol=0.1500)."
2,1784104285176448158,0.15114600956439972,"Executing trajectory point 3/28 (error=0.1511, tol=0.1500)."
2,1784104285286694480,0.15114600956439972,"Executing trajectory point 3/28 (error=0.1511, tol=0.1500)."
2,1784104285391784174,0.15114600956439972,"Executing trajectory point 3/28 (error=0.1511, tol=0.1500)."
2,1784104285481585023,0.15114600956439972,"Executing trajectory point 3/28 (error=0.1511, tol=0.1500)."
2,1784104285580198802,0.15114600956439972,"Executing trajectory point 3/28 (error=0.1511, tol=0.1500)."
2,1784104285699164177,0.1501360684633255,"Executing trajectory point 3/28 (error=0.1501, tol=0.1500)."
2,1784104285780898253,0.1491258144378662,"Executing trajectory point 3/28 (error=0.1491, tol=0.1500)."
2,1784104285781080296,0.2151029407978058,"Executing trajectory point 4/28 (error=0.2151, tol=0.1500)."
2,1784104285879581252,0.21308274567127228,"Executing trajectory point 4/28 (error=0.2131, tol=0.1500)."
2,1784104285983274003,0.21005260944366455,"Executing trajectory point 4/28 (error=0.2101, tol=0.1500)."
2,1784104286080902124,0.20702214539051056,"Executing trajectory point 4/28 (error=0.2070, tol=0.1500)."
2,1784104286190274499,0.20197179913520813,"Executing trajectory point 4/28 (error=0.2020, tol=0.1500)."
2,1784104286298323641,0.19692113995552063,"Executing trajectory point 4/28 (error=0.1969, tol=0.1500)."
2,1784104286385015951,0.1898505985736847,"Executing trajectory point 4/28 (error=0.1899, tol=0.1500)."
2,1784104286508797704,0.1837896853685379,"Executing trajectory point 4/28 (error=0.1838, tol=0.1500)."
2,1784104286619131141,0.17772939801216125,"Executing trajectory point 4/28 (error=0.1777, tol=0.1500)."
2,1784104286708811753,0.17166848480701447,"Executing trajectory point 4/28 (error=0.1717, tol=0.1500)."
2,1784104286808947310,0.16560819745063782,"Executing trajectory point 4/28 (error=0.1656, tol=0.1500)."
2,1784104286904175007,0.1615678071975708,"Executing trajectory point 4/28 (error=0.1616, tol=0.1500)."
2,1784104287001549330,0.1575274020433426,"Executing trajectory point 4/28 (error=0.1575, tol=0.1500)."
2,1784104287092724268,0.15348699688911438,"Executing trajectory point 4/28 (error=0.1535, tol=0.1500)."
2,1784104287702058919,0.15045654773712158,"Executing trajectory point 4/28 (error=0.1505, tol=0.1500)."
2,1784104287702223550,0.14843633770942688,"Executing trajectory point 4/28 (error=0.1484, tol=0.1500)."
2,1784104287702327135,0.21441347897052765,"Executing trajectory point 5/28 (error=0.2144, tol=0.1500)."
2,1784104287702426733,0.21138301491737366,"Executing trajectory point 5/28 (error=0.2114, tol=0.1500)."
2,1784104287702514378,0.20936281979084015,"Executing trajectory point 5/28 (error=0.2094, tol=0.1500)."
2,1784104287703344963,0.20532241463661194,"Executing trajectory point 5/28 (error=0.2053, tol=0.1500)."
2,1784104287704872843,0.20128200948238373,"Executing trajectory point 5/28 (error=0.2013, tol=0.1500)."
2,1784104287794231218,0.1962316781282425,"Executing trajectory point 5/28 (error=0.1962, tol=0.1500)."
2,1784104287901408707,0.19219127297401428,"Executing trajectory point 5/28 (error=0.1922, tol=0.1500)."
2,1784104288001326002,0.18613067269325256,"Executing trajectory point 5/28 (error=0.1861, tol=0.1500)."
2,1784104288120545126,0.18108001351356506,"Executing trajectory point 5/28 (error=0.1811, tol=0.1500)."
2,1784104288212304456,0.17501941323280334,"Executing trajectory point 5/28 (error=0.1750, tol=0.1500)."
2,1784104288319141403,0.1639084666967392,"Executing trajectory point 5/28 (error=0.1639, tol=0.1500)."
2,1784104288404558149,0.1588578075170517,"Executing trajectory point 5/28 (error=0.1589, tol=0.1500)."
2,1784104288493107449,0.15481741726398468,"Executing trajectory point 5/28 (error=0.1548, tol=0.1500)."
2,1784104288594835077,0.15077701210975647,"Executing trajectory point 5/28 (error=0.1508, tol=0.1500)."
2,1784104288695416554,0.14673660695552826,"Executing trajectory point 5/28 (error=0.1467, tol=0.1500)."
2,1784104288696932852,0.21271374821662903,"Executing trajectory point 6/28 (error=0.2127, tol=0.1500)."
2,1784104288796917003,0.2096836119890213,"Executing trajectory point 6/28 (error=0.2097, tol=0.1500)."
2,1784104288901046567,0.2066531479358673,"Executing trajectory point 6/28 (error=0.2067, tol=0.1500)."
2,1784104288998841082,0.2046329528093338,"Executing trajectory point 6/28 (error=0.2046, tol=0.1500)."
2,1784104289110277578,0.20160280168056488,"Executing trajectory point 6/28 (error=0.2016, tol=0.1500)."
2,1784104289223760521,0.19958260655403137,"Executing trajectory point 6/28 (error=0.1996, tol=0.1500)."
2,1784104289305415978,0.19554220139980316,"Executing trajectory point 6/28 (error=0.1955, tol=0.1500)."
2,1784104289407418243,0.19251175224781036,"Executing trajectory point 6/28 (error=0.1925, tol=0.1500)."
2,1784104289502617576,0.18746140599250793,"Executing trajectory point 6/28 (error=0.1875, tol=0.1500)."
2,1784104289625846377,0.18342100083827972,"Executing trajectory point 6/28 (error=0.1834, tol=0.1500)."
2,1784104289715923637,0.17736008763313293,"Executing trajectory point 6/28 (error=0.1774, tol=0.1500)."
2,1784104289818314414,0.1723097413778305,"Executing trajectory point 6/28 (error=0.1723, tol=0.1500)."
2,1784104289919608184,0.1662491410970688,"Executing trajectory point 6/28 (error=0.1662, tol=0.1500)."
2,1784104290011392301,0.1611984819173813,"Executing trajectory point 6/28 (error=0.1612, tol=0.1500)."
2,1784104290119830666,0.15513820946216583,"Executing trajectory point 6/28 (error=0.1551, tol=0.1500)."
2,1784104290221716642,0.15008755028247833,"Executing trajectory point 6/28 (error=0.1501, tol=0.1500)."
2,1784104290326398347,0.14503689110279083,"Executing trajectory point 6/28 (error=0.1450, tol=0.1500)."
2,1784104290326561795,0.2110140174627304,"Executing trajectory point 7/28 (error=0.2110, tol=0.1500)."
2,1784104290431612937,0.2069736123085022,"Executing trajectory point 7/28 (error=0.2070, tol=0.1500)."
2,1784104290527526536,0.20293322205543518,"Executing trajectory point 7/28 (error=0.2029, tol=0.1500)."
2,1784104290625268081,0.19990307092666626,"Executing trajectory point 7/28 (error=0.1999, tol=0.1500)."
2,1784104290733697119,0.19687293469905853,"Executing trajectory point 7/28 (error=0.1969, tol=0.1500)."
2,1784104290832185130,0.0,Collision predicted; robot stopped and replanning.
2,1784104292870969805,0.0,Collision avoidance replan succeeded; new trajectory has 53 points.
3,1784104299597770720,0.0,"Pose validation: True, Valid PoseStamped"
3,1784104299605737905,0.0,Planning trajectory with move_group (GetMotionPlan)...
3,1784104300153185067,0.0,Planning succeeded. Starting trajectory execution.
3,1784104300156899688,0.023232141509652138,"Executing trajectory point 1/28 (error=0.0232, tol=0.1500)."
3,1784104300157030414,0.08924537897109985,"Executing trajectory point 2/28 (error=0.0892, tol=0.1500)."
3,1784104300157124712,0.15525861084461212,"Executing trajectory point 3/28 (error=0.1553, tol=0.1500)."
3,1784104300262128043,0.15525861084461212,"Executing trajectory point 3/28 (error=0.1553, tol=0.1500)."
3,1784104300343491931,0.15525861084461212,"Executing trajectory point 3/28 (error=0.1553, tol=0.1500)."
3,1784104300462947250,0.15525861084461212,"Executing trajectory point 3/28 (error=0.1553, tol=0.1500)."
3,1784104300554139892,0.15525861084461212,"Executing trajectory point 3/28 (error=0.1553, tol=0.1500)."
3,1784104300660323878,0.15525861084461212,"Executing trajectory point 3/28 (error=0.1553, tol=0.1500)."
3,1784104300758406686,0.15525861084461212,"Executing trajectory point 3/28 (error=0.1553, tol=0.1500)."
3,1784104300857070710,0.15525861084461212,"Executing trajectory point 3/28 (error=0.1553, tol=0.1500)."
3,1784104300964727913,0.15525861084461212,"Executing trajectory point 3/28 (error=0.1553, tol=0.1500)."
3,1784104301074546009,0.15525861084461212,"Executing trajectory point 3/28 (error=0.1553, tol=0.1500)."
3,1784104301168243111,0.15525861084461212,"Executing trajectory point 3/28 (error=0.1553, tol=0.1500)."
3,1784104301265918682,0.15525861084461212,"Executing trajectory point 3/28 (error=0.1553, tol=0.1500)."
3,1784104301365952807,0.15525861084461212,"Executing trajectory point 3/28 (error=0.1553, tol=0.1500)."
3,1784104301471234644,0.1542486697435379,"Executing trajectory point 3/28 (error=0.1542, tol=0.1500)."
3,1784104301566041197,0.1532384157180786,"Executing trajectory point 3/28 (error=0.1532, tol=0.1500)."
3,1784104301666785140,0.1502082645893097,"Executing trajectory point 3/28 (error=0.1502, tol=0.1500)."
3,1784104301776007193,0.1471778154373169,"Executing trajectory point 3/28 (error=0.1472, tol=0.1500)."
3,1784104301776423557,0.21319104731082916,"Executing trajectory point 4/28 (error=0.2132, tol=0.1500)."
3,1784104301873434275,0.21016089618206024,"Executing trajectory point 4/28 (error=0.2102, tol=0.1500)."
3,1784104301971791019,0.20612050592899323,"Executing trajectory point 4/28 (error=0.2061, tol=0.1500)."
3,1784104302074608761,0.2000599056482315,"Executing trajectory point 4/28 (error=0.2001, tol=0.1500)."
3,1784104302173986099,0.1939993053674698,"Executing trajectory point 4/28 (error=0.1940, tol=0.1500)."
3,1784104302281039163,0.18793870508670807,"Executing trajectory point 4/28 (error=0.1879, tol=0.1500)."
3,1784104302384139568,0.18187777698040009,"Executing trajectory point 4/28 (error=0.1819, tol=0.1500)."
3,1784104302483353368,0.17581750452518463,"Executing trajectory point 4/28 (error=0.1758, tol=0.1500)."
3,1784104302583285522,0.17076684534549713,"Executing trajectory point 4/28 (error=0.1708, tol=0.1500)."
3,1784104302675791148,0.16571618616580963,"Executing trajectory point 4/28 (error=0.1657, tol=0.1500)."
3,1784104302782028225,0.1626860350370407,"Executing trajectory point 4/28 (error=0.1627, tol=0.1500)."
3,1784104302871558764,0.1586456447839737,"Executing trajectory point 4/28 (error=0.1586, tol=0.1500)."
3,1784104302972861110,0.1556151807308197,"Executing trajectory point 4/28 (error=0.1556, tol=0.1500)."
3,1784104303064242909,0.1535949856042862,"Executing trajectory point 4/28 (error=0.1536, tol=0.1500)."
3,1784104303262421298,0.15056483447551727,"Executing trajectory point 4/28 (error=0.1506, tol=0.1500)."
3,1784104303433028254,0.14753438532352448,"Executing trajectory point 4/28 (error=0.1475, tol=0.1500)."
3,1784104303433183236,0.21354761719703674,"Executing trajectory point 5/28 (error=0.2135, tol=0.1500)."
3,1784104303528391215,0.20950721204280853,"Executing trajectory point 5/28 (error=0.2095, tol=0.1500)."
3,1784104303528587004,0.20546682178974152,"Executing trajectory point 5/28 (error=0.2055, tol=0.1500)."
3,1784104303577450027,0.2004164755344391,"Executing trajectory point 5/28 (error=0.2004, tol=0.1500)."
3,1784104303672151292,0.1953658163547516,"Executing trajectory point 5/28 (error=0.1954, tol=0.1500)."
3,1784104303782337642,0.19031547009944916,"Executing trajectory point 5/28 (error=0.1903, tol=0.1500)."
3,1784104303871587042,0.18425486981868744,"Executing trajectory point 5/28 (error=0.1843, tol=0.1500)."
3,1784104303976356452,0.17516382038593292,"Executing trajectory point 5/28 (error=0.1752, tol=0.1500)."
3,1784104304084104536,0.17314361035823822,"Executing trajectory point 5/28 (error=0.1731, tol=0.1500)."
3,1784104304177179226,0.16809327900409698,"Executing trajectory point 5/28 (error=0.1681, tol=0.1500)."
3,1784104304278520735,0.16102240979671478,"Executing trajectory point 5/28 (error=0.1610, tol=0.1500)."
3,1784104304382635342,0.15900221467018127,"Executing trajectory point 5/28 (error=0.1590, tol=0.1500)."
3,1784104304464714788,0.15294161438941956,"Executing trajectory point 5/28 (error=0.1529, tol=0.1500)."
3,1784104304573149536,0.14991147816181183,"Executing trajectory point 5/28 (error=0.1499, tol=0.1500)."
3,1784104304573533730,0.2159247100353241,"Executing trajectory point 6/28 (error=0.2159, tol=0.1500)."
3,1784104304673882529,0.2149144411087036,"Executing trajectory point 6/28 (error=0.2149, tol=0.1500)."
3,1784104304772248702,0.2108740508556366,"Executing trajectory point 6/28 (error=0.2109, tol=0.1500)."
3,1784104304876977676,0.20784389972686768,"Executing trajectory point 6/28 (error=0.2078, tol=0.1500)."
3,1784104304973173487,0.20582370460033417,"Executing trajectory point 6/28 (error=0.2058, tol=0.1500)."
3,1784104305080036133,0.20178329944610596,"Executing trajectory point 6/28 (error=0.2018, tol=0.1500)."
3,1784104305169279080,0.20077304542064667,"Executing trajectory point 6/28 (error=0.2008, tol=0.1500)."
3,1784104305276739883,0.19370250403881073,"Executing trajectory point 6/28 (error=0.1937, tol=0.1500)."
3,1784104305375485601,0.18865184485912323,"Executing trajectory point 6/28 (error=0.1887, tol=0.1500)."
3,1784104305474002146,0.18663164973258972,"Executing trajectory point 6/28 (error=0.1866, tol=0.1500)."
3,1784104305583266809,0.1785508394241333,"Executing trajectory point 6/28 (error=0.1786, tol=0.1500)."
3,1784104305681456729,0.17249023914337158,"Executing trajectory point 6/28 (error=0.1725, tol=0.1500)."
3,1784104305776419988,0.16743957996368408,"Executing trajectory point 6/28 (error=0.1674, tol=0.1500)."
3,1784104305862693829,0.16137930750846863,"Executing trajectory point 6/28 (error=0.1614, tol=0.1500)."
3,1784104305969878502,0.15632864832878113,"Executing trajectory point 6/28 (error=0.1563, tol=0.1500)."
3,1784104306075594596,0.15127798914909363,"Executing trajectory point 6/28 (error=0.1513, tol=0.1500)."
3,1784104306185132063,0.14723758399486542,"Executing trajectory point 6/28 (error=0.1472, tol=0.1500)."
3,1784104306185403254,0.21325081586837769,"Executing trajectory point 7/28 (error=0.2133, tol=0.1500)."
3,1784104306274216592,0.0,Collision predicted; robot stopped and replanning.
3,1784104307085587655,0.0,Collision avoidance replan succeeded; new trajectory has 33 points.
3,1784104307085721777,0.018181482329964638,"Executing trajectory point 1/33 (error=0.0182, tol=0.1500)."
3,1784104307085818440,0.041623327881097794,"Executing trajectory point 2/33 (error=0.0416, tol=0.1500)."
3,1784104307085903380,0.10142814368009567,"Executing trajectory point 3/33 (error=0.1014, tol=0.1500)."
3,1784104307085987168,0.16123294830322266,"Executing trajectory point 4/33 (error=0.1612, tol=0.1500)."
3,1784104307204781351,0.16123294830322266,"Executing trajectory point 4/33 (error=0.1612, tol=0.1500)."
3,1784104307301197367,0.16022269427776337,"Executing trajectory point 4/33 (error=0.1602, tol=0.1500)."
4,1784104333265970710,0.0,"Pose validation: True, Valid PoseStamped"
4,1784104333280007966,0.0,Planning trajectory with move_group (GetMotionPlan)...
4,1784104333846004539,0.0,Planning succeeded. Starting trajectory execution.
4,1784104333847493495,0.0,"Executing trajectory point 1/29 (error=0.0000, tol=0.1500)."
4,1784104333847820612,0.06558936834335327,"Executing trajectory point 2/29 (error=0.0656, tol=0.1500)."
4,1784104333847969533,0.13117873668670654,"Executing trajectory point 3/29 (error=0.1312, tol=0.1500)."
4,1784104333848100299,0.19676810503005981,"Executing trajectory point 4/29 (error=0.1968, tol=0.1500)."
4,1784104333948403041,0.19676810503005981,"Executing trajectory point 4/29 (error=0.1968, tol=0.1500)."
4,1784104334048966775,0.19676810503005981,"Executing trajectory point 4/29 (error=0.1968, tol=0.1500)."
4,1784104334149253397,0.19676810503005981,"Executing trajectory point 4/29 (error=0.1968, tol=0.1500)."
4,1784104334249661308,0.19676810503005981,"Executing trajectory point 4/29 (error=0.1968, tol=0.1500)."
4,1784104334350171871,0.19676810503005981,"Executing trajectory point 4/29 (error=0.1968, tol=0.1500)."
4,1784104334450557630,0.19676810503005981,"Executing trajectory point 4/29 (error=0.1968, tol=0.1500)."
4,1784104334553207987,0.1957581639289856,"Executing trajectory point 4/29 (error=0.1958, tol=0.1500)."
4,1784104334652232440,0.1947479099035263,"Executing trajectory point 4/29 (error=0.1947, tol=0.1500)."
4,1784104334752950144,0.1937379688024521,"Executing trajectory point 4/29 (error=0.1937, tol=0.1500)."
4,1784104334853042099,0.19171775877475739,"Executing trajectory point 4/29 (error=0.1917, tol=0.1500)."
4,1784104334963885908,0.18969756364822388,"Executing trajectory point 4/29 (error=0.1897, tol=0.1500)."
4,1784104335054796208,0.18767736852169037,"Executing trajectory point 4/29 (error=0.1877, tol=0.1500)."
4,1784104335218394124,0.18464690446853638,"Executing trajectory point 4/29 (error=0.1846, tol=0.1500)."
4,1784104335330873405,0.18060649931430817,"Executing trajectory point 4/29 (error=0.1806, tol=0.1500)."
4,1784104335444558880,0.17757636308670044,"Executing trajectory point 4/29 (error=0.1776, tol=0.1500)."
4,1784104335499014163,0.17555616796016693,"Executing trajectory point 4/29 (error=0.1756, tol=0.1500)."
4,1784104335555452553,0.17252570390701294,"Executing trajectory point 4/29 (error=0.1725, tol=0.1500)."
4,1784104335656153436,0.17050550878047943,"Executing trajectory point 4/29 (error=0.1705, tol=0.1500)."
4,1784104335757056279,0.16848529875278473,"Executing trajectory point 4/29 (error=0.1685, tol=0.1500)."
4,1784104335857296674,0.16646510362625122,"Executing trajectory point 4/29 (error=0.1665, tol=0.1500)."
4,1784104335962974366,0.1634349673986435,"Executing trajectory point 4/29 (error=0.1634, tol=0.1500)."
4,1784104336058876484,0.1604045033454895,"Executing trajectory point 4/29 (error=0.1604, tol=0.1500)."
4,1784104336158537918,0.1563640981912613,"Executing trajectory point 4/29 (error=0.1564, tol=0.1500)."
4,1784104336259030327,0.15232370793819427,"Executing trajectory point 4/29 (error=0.1523, tol=0.1500)."
4,1784104336360383590,0.14727336168289185,"Executing trajectory point 4/29 (error=0.1473, tol=0.1500)."
4,1784104336360692051,0.21286273002624512,"Executing trajectory point 5/29 (error=0.2129, tol=0.1500)."
4,1784104336459945716,0.2068021297454834,"Executing trajectory point 5/29 (error=0.2068, tol=0.1500)."
4,1784104336560584161,0.20074152946472168,"Executing trajectory point 5/29 (error=0.2007, tol=0.1500)."
4,1784104336661660321,0.19367067515850067,"Executing trajectory point 5/29 (error=0.1937, tol=0.1500)."
4,1784104336760855646,0.18761007487773895,"Executing trajectory point 5/29 (error=0.1876, tol=0.1500)."
4,1784104336862335236,0.18053953349590302,"Executing trajectory point 5/29 (error=0.1805, tol=0.1500)."
4,1784104336962058887,0.17548887431621552,"Executing trajectory point 5/29 (error=0.1755, tol=0.1500)."
4,1784104337062102410,0.17043821513652802,"Executing trajectory point 5/29 (error=0.1704, tol=0.1500)."
4,1784104337164331163,0.1663978099822998,"Executing trajectory point 5/29 (error=0.1664, tol=0.1500)."
4,1784104337264054012,0.1623574048280716,"Executing trajectory point 5/29 (error=0.1624, tol=0.1500)."
4,1784104337363504668,0.15932726860046387,"Executing trajectory point 5/29 (error=0.1593, tol=0.1500)."
4,1784104337470412209,0.15730707347393036,"Executing trajectory point 5/29 (error=0.1573, tol=0.1500)."
4,1784104337582256864,0.15528686344623566,"Executing trajectory point 5/29 (error=0.1553, tol=0.1500)."
4,1784104337664899602,0.15225641429424286,"Executing trajectory point 5/29 (error=0.1523, tol=0.1500)."
4,1784104337765723607,0.14922626316547394,"Executing trajectory point 5/29 (error=0.1492, tol=0.1500)."
4,1784104337766216736,0.2148156315088272,"Executing trajectory point 6/29 (error=0.2148, tol=0.1500)."
4,1784104337866505862,0.2107752412557602,"Executing trajectory point 6/29 (error=0.2108, tol=0.1500)."
4,1784104337970894536,0.2077447772026062,"Executing trajectory point 6/29 (error=0.2077, tol=0.1500)."
4,1784104338068205990,0.20269443094730377,"Executing trajectory point 6/29 (error=0.2027, tol=0.1500)."
4,1784104338168671459,0.19764377176761627,"Executing trajectory point 6/29 (error=0.1976, tol=0.1500)."
4,1784104338269371871,0.19259344041347504,"Executing trajectory point 6/29 (error=0.1926, tol=0.1500)."
4,1784104338371562511,0.18653284013271332,"Executing trajectory point 6/29 (error=0.1865, tol=0.1500)."
4,1784104338470078446,0.18148218095302582,"Executing trajectory point 6/29 (error=0.1815, tol=0.1500)."
4,1784104338570270409,0.1754215806722641,"Executing trajectory point 6/29 (error=0.1754, tol=0.1500)."
4,1784104338671988509,0.17037123441696167,"Executing trajectory point 6/29 (error=0.1704, tol=0.1500)."
4,1784104338771979954,0.16532057523727417,"Executing trajectory point 6/29 (error=0.1653, tol=0.1500)."
4,1784104338872284169,0.16128017008304596,"Executing trajectory point 6/29 (error=0.1613, tol=0.1500)."
4,1784104338972662564,0.15723977982997894,"Executing trajectory point 6/29 (error=0.1572, tol=0.1500)."
4,1784104339076141803,0.15319937467575073,"Executing trajectory point 6/29 (error=0.1532, tol=0.1500)."
4,1784104339173571060,0.150169238448143,"Executing trajectory point 6/29 (error=0.1502, tol=0.1500)."
4,1784104339273883410,0.1481490284204483,"Executing trajectory point 6/29 (error=0.1481, tol=0.1500)."
4,1784104339274200918,0.21373839676380157,"Executing trajectory point 7/29 (error=0.2137, tol=0.1500)."
4,1784104339376253979,0.21070794761180878,"Executing trajectory point 7/29 (error=0.2107, tol=0.1500)."
4,1784104339474669785,0.20868773758411407,"Executing trajectory point 7/29 (error=0.2087, tol=0.1500)."
4,1784104339576517129,0.20565760135650635,"Executing trajectory point 7/29 (error=0.2057, tol=0.1500)."
4,1784104339683147507,0.20262713730335236,"Executing trajectory point 7/29 (error=0.2026, tol=0.1500)."
4,1784104339778017580,0.19858674705028534,"Executing trajectory point 7/29 (error=0.1986, tol=0.1500)."
4,1784104339878441090,0.19454634189605713,"Executing trajectory point 7/29 (error=0.1945, tol=0.1500)."
4,1784104339978559464,0.1894959956407547,"Executing trajectory point 7/29 (error=0.1895, tol=0.1500)."
4,1784104340079141784,0.1844453364610672,"Executing trajectory point 7/29 (error=0.1844, tol=0.1500)."
4,1784104340179367340,0.1793946772813797,"Executing trajectory point 7/29 (error=0.1794, tol=0.1500)."
4,1784104340280580729,0.17434434592723846,"Executing trajectory point 7/29 (error=0.1743, tol=0.1500)."
4,1784104340382795946,0.16828374564647675,"Executing trajectory point 7/29 (error=0.1683, tol=0.1500)."
4,1784104340481213104,0.16323308646678925,"Executing trajectory point 7/29 (error=0.1632, tol=0.1500)."
4,1784104340581865034,0.15818274021148682,"Executing trajectory point 7/29 (error=0.1582, tol=0.1500)."
4,1784104340680603619,0.1531323939561844,"Executing trajectory point 7/29 (error=0.1531, tol=0.1500)."
4,1784104340781644702,0.1480817347764969,"Executing trajectory point 7/29 (error=0.1481, tol=0.1500)."
4,1784104340781986487,0.21367110311985016,"Executing trajectory point 8/29 (error=0.2137, tol=0.1500)."
4,1784104340883167504,0.0,Collision predicted; robot stopped and replanning.
4,1784104341698334172,0.0,Collision avoidance replan succeeded; new trajectory has 33 points.
4,1784104341698711313,0.0131314592435956,"Executing trajectory point 1/33 (error=0.0131, tol=0.1500)."
4,1784104341698932750,0.05851984769105911,"Executing trajectory point 2/33 (error=0.0585, tol=0.1500)."
4,1784104341699016508,0.13017114996910095,"Executing trajectory point 3/33 (error=0.1302, tol=0.1500)."
4,1784104341699106127,0.2018224596977234,"Executing trajectory point 4/33 (error=0.2018, tol=0.1500)."
4,1784104341800598742,0.2018224596977234,"Executing trajectory point 4/33 (error=0.2018, tol=0.1500)."
4,1784104341898529333,0.2018224596977234,"Executing trajectory point 4/33 (error=0.2018, tol=0.1500)."
5,1784104349089968879,0.0,"Pose validation: True, Valid PoseStamped"
5,1784104349100202757,0.0,Planning trajectory with move_group (GetMotionPlan)...
5,1784104349609021656,0.0,Planning succeeded. Starting trajectory execution.
5,1784104349610002875,0.02626260183751583,"Executing trajectory point 1/29 (error=0.0263, tol=0.1500)."
5,1784104349610176583,0.08999408036470413,"Executing trajectory point 2/29 (error=0.0900, tol=0.1500)."
5,1784104349610320424,0.15372556447982788,"Executing trajectory point 3/29 (error=0.1537, tol=0.1500)."
5,1784104349711312145,0.15372556447982788,"Executing trajectory point 3/29 (error=0.1537, tol=0.1500)."
5,1784104349811553201,0.15372556447982788,"Executing trajectory point 3/29 (error=0.1537, tol=0.1500)."
5,1784104349911886300,0.15372556447982788,"Executing trajectory point 3/29 (error=0.1537, tol=0.1500)."
5,1784104350012041364,0.15372556447982788,"Executing trajectory point 3/29 (error=0.1537, tol=0.1500)."
5,1784104350112655363,0.15372556447982788,"Executing trajectory point 3/29 (error=0.1537, tol=0.1500)."
5,1784104350212834352,0.15372556447982788,"Executing trajectory point 3/29 (error=0.1537, tol=0.1500)."
5,1784104350315700506,0.15372556447982788,"Executing trajectory point 3/29 (error=0.1537, tol=0.1500)."
5,1784104350413463070,0.15372556447982788,"Executing trajectory point 3/29 (error=0.1537, tol=0.1500)."
5,1784104350513838249,0.15372556447982788,"Executing trajectory point 3/29 (error=0.1537, tol=0.1500)."
5,1784104350614066902,0.15372556447982788,"Executing trajectory point 3/29 (error=0.1537, tol=0.1500)."
5,1784104350715154644,0.15271562337875366,"Executing trajectory point 3/29 (error=0.1527, tol=0.1500)."
5,1784104350816369886,0.15170535445213318,"Executing trajectory point 3/29 (error=0.1517, tol=0.1500)."
5,1784104350916448956,0.14968515932559967,"Executing trajectory point 3/29 (error=0.1497, tol=0.1500)."
5,1784104350916840504,0.21341663599014282,"Executing trajectory point 4/29 (error=0.2134, tol=0.1500)."
5,1784104351038298398,0.21139644086360931,"Executing trajectory point 4/29 (error=0.2114, tol=0.1500)."
5,1784104351125509166,0.2083662897348404,"Executing trajectory point 4/29 (error=0.2084, tol=0.1500)."
5,1784104351277507089,0.2053358405828476,"Executing trajectory point 4/29 (error=0.2053, tol=0.1500)."
5,1784104351585555893,0.20028549432754517,"Executing trajectory point 4/29 (error=0.2003, tol=0.1500)."
5,1784104351608098640,0.19422489404678345,"Executing trajectory point 4/29 (error=0.1942, tol=0.1500)."
5,1784104351671585305,0.18816429376602173,"Executing trajectory point 4/29 (error=0.1882, tol=0.1500)."
5,1784104351685364645,0.18210338056087494,"Executing trajectory point 4/29 (error=0.1821, tol=0.1500)."
5,1784104351721848086,0.1760430932044983,"Executing trajectory point 4/29 (error=0.1760, tol=0.1500)."
5,1784104351826283627,0.1699821799993515,"Executing trajectory point 4/29 (error=0.1700, tol=0.1500)."
5,1784104351925455839,0.16392189264297485,"Executing trajectory point 4/29 (error=0.1639, tol=0.1500)."
5,1784104352026403096,0.15988148748874664,"Executing trajectory point 4/29 (error=0.1599, tol=0.1500)."
5,1784104352126361058,0.15483082830905914,"Executing trajectory point 4/29 (error=0.1548, tol=0.1500)."
5,1784104352227403362,0.15180069208145142,"Executing trajectory point 4/29 (error=0.1518, tol=0.1500)."
5,1784104352331470318,0.14877022802829742,"Executing trajectory point 4/29 (error=0.1488, tol=0.1500)."
5,1784104352331846257,0.21250170469284058,"Executing trajectory point 5/29 (error=0.2125, tol=0.1500)."
5,1784104352428529083,0.20947125554084778,"Executing trajectory point 5/29 (error=0.2095, tol=0.1500)."
5,1784104352528409296,0.20745104551315308,"Executing trajectory point 5/29 (error=0.2075, tol=0.1500)."
5,1784104352629390796,0.20442090928554535,"Executing trajectory point 5/29 (error=0.2044, tol=0.1500)."
5,1784104352729426813,0.20038050413131714,"Executing trajectory point 5/29 (error=0.2004, tol=0.1500)."
5,1784104352829409049,0.19634011387825012,"Executing trajectory point 5/29 (error=0.1963, tol=0.1500)."
5,1784104352927981106,0.1922997087240219,"Executing trajectory point 5/29 (error=0.1923, tol=0.1500)."
5,1784104353031307958,0.1872490495443344,"Executing trajectory point 5/29 (error=0.1872, tol=0.1500)."
5,1784104353133649060,0.1811884492635727,"Executing trajectory point 5/29 (error=0.1812, tol=0.1500)."
5,1784104353233518764,0.17613810300827026,"Executing trajectory point 5/29 (error=0.1761, tol=0.1500)."
5,1784104353329099412,0.17007750272750854,"Executing trajectory point 5/29 (error=0.1701, tol=0.1500)."
5,1784104353429411590,0.16401690244674683,"Executing trajectory point 5/29 (error=0.1640, tol=0.1500)."
5,1784104353530561868,0.15896624326705933,"Executing trajectory point 5/29 (error=0.1590, tol=0.1500)."
5,1784104353630425039,0.1539159119129181,"Executing trajectory point 5/29 (error=0.1539, tol=0.1500)."
5,1784104353734825625,0.14987550675868988,"Executing trajectory point 5/29 (error=0.1499, tol=0.1500)."
5,1784104353735072490,0.21360698342323303,"Executing trajectory point 6/29 (error=0.2136, tol=0.1500)."
5,1784104353847229939,0.20956659317016602,"Executing trajectory point 6/29 (error=0.2096, tol=0.1500)."
5,1784104353931607607,0.2055261880159378,"Executing trajectory point 6/29 (error=0.2055, tol=0.1500)."
5,1784104354032965636,0.2004755288362503,"Executing trajectory point 6/29 (error=0.2005, tol=0.1500)."
5,1784104354133515422,0.2004755288362503,"Executing trajectory point 6/29 (error=0.2005, tol=0.1500)."
5,1784104354234655821,0.19542518258094788,"Executing trajectory point 6/29 (error=0.1954, tol=0.1500)."
5,1784104354335585393,0.19239473342895508,"Executing trajectory point 6/29 (error=0.1924, tol=0.1500)."
5,1784104354439250021,0.18936458230018616,"Executing trajectory point 6/29 (error=0.1894, tol=0.1500)."
5,1784104354537273765,0.18532419204711914,"Executing trajectory point 6/29 (error=0.1853, tol=0.1500)."
5,1784104354637924882,0.18027353286743164,"Executing trajectory point 6/29 (error=0.1803, tol=0.1500)."
5,1784104354748752944,0.17522287368774414,"Executing trajectory point 6/29 (error=0.1752, tol=0.1500)."
5,1784104354838894308,0.1701725274324417,"Executing trajectory point 6/29 (error=0.1702, tol=0.1500)."
5,1784104354942309125,0.16512218117713928,"Executing trajectory point 6/29 (error=0.1651, tol=0.1500)."
5,1784104355052231700,0.1590612679719925,"Executing trajectory point 6/29 (error=0.1591, tol=0.1500)."
5,1784104355140458124,0.15300098061561584,"Executing trajectory point 6/29 (error=0.1530, tol=0.1500)."
5,1784104355241288188,0.14795032143592834,"Executing trajectory point 6/29 (error=0.1480, tol=0.1500)."
5,1784104355242232539,0.2116817981004715,"Executing trajectory point 7/29 (error=0.2117, tol=0.1500)."
5,1784104355341592081,0.206631138920784,"Executing trajectory point 7/29 (error=0.2066, tol=0.1500)."
5,1784104355442494642,0.20158080756664276,"Executing trajectory point 7/29 (error=0.2016, tol=0.1500)."
5,1784104355542654332,0.19754040241241455,"Executing trajectory point 7/29 (error=0.1975, tol=0.1500)."
5,1784104355643015342,0.19349999725818634,"Executing trajectory point 7/29 (error=0.1935, tol=0.1500)."
5,1784104355743423240,0.19147980213165283,"Executing trajectory point 7/29 (error=0.1915, tol=0.1500)."
5,1784104355844424577,0.1884496659040451,"Executing trajectory point 7/29 (error=0.1884, tol=0.1500)."
5,1784104355958519558,0.1854192018508911,"Executing trajectory point 7/29 (error=0.1854, tol=0.1500)."
5,1784104356045419061,0.1833990067243576,"Executing trajectory point 7/29 (error=0.1834, tol=0.1500)."
5,1784104356145487239,0.18036885559558868,"Executing trajectory point 7/29 (error=0.1804, tol=0.1500)."
5,1784104356246033658,0.1773384064435959,"Executing trajectory point 7/29 (error=0.1773, tol=0.1500)."
5,1784104356351528827,0.1743079423904419,"Executing trajectory point 7/29 (error=0.1743, tol=0.1500)."
5,1784104356446282686,0.16925759613513947,"Executing trajectory point 7/29 (error=0.1693, tol=0.1500)."
5,1784104356546908906,0.16521720588207245,"Executing trajectory point 7/29 (error=0.1652, tol=0.1500)."
5,1784104356649392628,0.16016654670238495,"Executing trajectory point 7/29 (error=0.1602, tol=0.1500)."
5,1784104356748211992,0.15511620044708252,"Executing trajectory point 7/29 (error=0.1551, tol=0.1500)."
5,1784104356848874049,0.15006554126739502,"Executing trajectory point 7/29 (error=0.1501, tol=0.1500)."
5,1784104356948755315,0.1440049409866333,"Executing trajectory point 7/29 (error=0.1440, tol=0.1500)."
5,1784104356948997221,0.20773641765117645,"Executing trajectory point 8/29 (error=0.2077, tol=0.1500)."
5,1784104357050417608,0.0,Collision predicted; robot stopped and replanning.
5,1784104359075027850,0.0,Collision avoidance replan succeeded; new trajectory has 33 points.
6,1784104365988057593,0.0,"Pose validation: True, Valid PoseStamped"
6,1784104365998655913,0.0,Planning trajectory with move_group (GetMotionPlan)...
6,1784104366528411145,0.0,Planning succeeded. Starting trajectory execution.
6,1784104366531961949,0.02727285958826542,"Executing trajectory point 1/28 (error=0.0273, tol=0.1500)."
6,1784104366532081083,0.09312476962804794,"Executing trajectory point 2/28 (error=0.0931, tol=0.1500)."
6,1784104366532177185,0.15897667407989502,"Executing trajectory point 3/28 (error=0.1590, tol=0.1500)."
6,1784104366631111284,0.15897667407989502,"Executing trajectory point 3/28 (error=0.1590, tol=0.1500)."
6,1784104366732795329,0.15897667407989502,"Executing trajectory point 3/28 (error=0.1590, tol=0.1500)."
6,1784104366832752006,0.15897667407989502,"Executing trajectory point 3/28 (error=0.1590, tol=0.1500)."
6,1784104366933437127,0.15897667407989502,"Executing trajectory point 3/28 (error=0.1590, tol=0.1500)."
6,1784104367039088771,0.15897667407989502,"Executing trajectory point 3/28 (error=0.1590, tol=0.1500)."
6,1784104367158962597,0.15897667407989502,"Executing trajectory point 3/28 (error=0.1590, tol=0.1500)."
6,1784104367307895143,0.15897667407989502,"Executing trajectory point 3/28 (error=0.1590, tol=0.1500)."
6,1784104367431089679,0.15897667407989502,"Executing trajectory point 3/28 (error=0.1590, tol=0.1500)."
6,1784104367508423999,0.15897667407989502,"Executing trajectory point 3/28 (error=0.1590, tol=0.1500)."
6,1784104367538197889,0.15897667407989502,"Executing trajectory point 3/28 (error=0.1590, tol=0.1500)."
6,1784104367637986059,0.15796642005443573,"Executing trajectory point 3/28 (error=0.1580, tol=0.1500)."
6,1784104367738777731,0.1569564789533615,"Executing trajectory point 3/28 (error=0.1570, tol=0.1500)."
6,1784104367839006291,0.15594621002674103,"Executing trajectory point 3/28 (error=0.1559, tol=0.1500)."
6,1784104367939313009,0.15392601490020752,"Executing trajectory point 3/28 (error=0.1539, tol=0.1500)."
6,1784104368039756414,0.151905819773674,"Executing trajectory point 3/28 (error=0.1519, tol=0.1500)."
6,1784104368141257914,0.1488756686449051,"Executing trajectory point 3/28 (error=0.1489, tol=0.1500)."
6,1784104368141752286,0.21472758054733276,"Executing trajectory point 4/28 (error=0.2147, tol=0.1500)."
6,1784104368242022465,0.21169711649417877,"Executing trajectory point 4/28 (error=0.2117, tol=0.1500)."
6,1784104368342903275,0.20260637998580933,"Executing trajectory point 4/28 (error=0.2026, tol=0.1500)."
6,1784104368442745557,0.20260637998580933,"Executing trajectory point 4/28 (error=0.2026, tol=0.1500)."
6,1784104368544180512,0.1914951205253601,"Executing trajectory point 4/28 (error=0.1915, tol=0.1500)."
6,1784104368652257017,0.1854345202445984,"Executing trajectory point 4/28 (error=0.1854, tol=0.1500)."
6,1784104368757988341,0.17937391996383667,"Executing trajectory point 4/28 (error=0.1794, tol=0.1500)."
6,1784104368859199534,0.17432357370853424,"Executing trajectory point 4/28 (error=0.1743, tol=0.1500)."
6,1784104368959826966,0.16826266050338745,"Executing trajectory point 4/28 (error=0.1683, tol=0.1500)."
6,1784104369056191011,0.16422225534915924,"Executing trajectory point 4/28 (error=0.1642, tol=0.1500)."
6,1784104369149317442,0.16018186509609222,"Executing trajectory point 4/28 (error=0.1602, tol=0.1500)."
6,1784104369267690188,0.1571517139673233,"Executing trajectory point 4/28 (error=0.1572, tol=0.1500)."
6,1784104369373750011,0.1541212648153305,"Executing trajectory point 4/28 (error=0.1541, tol=0.1500)."
6,1784104369456622442,0.15109111368656158,"Executing trajectory point 4/28 (error=0.1511, tol=0.1500)."
6,1784104369559413724,0.1480606645345688,"Executing trajectory point 4/28 (error=0.1481, tol=0.1500)."
6,1784104369559618750,0.21391256153583527,"Executing trajectory point 5/28 (error=0.2139, tol=0.1500)."
6,1784104369673491813,0.21088242530822754,"Executing trajectory point 5/28 (error=0.2109, tol=0.1500)."
6,1784104369762568390,0.20583176612854004,"Executing trajectory point 5/28 (error=0.2058, tol=0.1500)."
6,1784104369868855582,0.20179136097431183,"Executing trajectory point 5/28 (error=0.2018, tol=0.1500)."
6,1784104369970672627,0.1967410296201706,"Executing trajectory point 5/28 (error=0.1967, tol=0.1500)."
6,1784104370069601978,0.1916903704404831,"Executing trajectory point 5/28 (error=0.1917, tol=0.1500)."
6,1784104370172174086,0.18664002418518066,"Executing trajectory point 5/28 (error=0.1866, tol=0.1500)."
6,1784104370258049288,0.18057942390441895,"Executing trajectory point 5/28 (error=0.1806, tol=0.1500)."
6,1784104370364263081,0.17451882362365723,"Executing trajectory point 5/28 (error=0.1745, tol=0.1500)."
6,1784104370457099636,0.16946816444396973,"Executing trajectory point 5/28 (error=0.1695, tol=0.1500)."
6,1784104370577740618,0.1644178181886673,"Executing trajectory point 5/28 (error=0.1644, tol=0.1500)."
6,1784104370681966153,0.1593671590089798,"Executing trajectory point 5/28 (error=0.1594, tol=0.1500)."
6,1784104370767072896,0.15532676875591278,"Executing trajectory point 5/28 (error=0.1553, tol=0.1500)."
6,1784104370872848173,0.15128636360168457,"Executing trajectory point 5/28 (error=0.1513, tol=0.1500)."
6,1784104370980920370,0.14825622737407684,"Executing trajectory point 5/28 (error=0.1483, tol=0.1500)."
6,1784104370981112843,0.21410813927650452,"Executing trajectory point 6/28 (error=0.2141, tol=0.1500)."
6,1784104371076788490,0.21208792924880981,"Executing trajectory point 6/28 (error=0.2121, tol=0.1500)."
6,1784104371182103419,0.20905748009681702,"Executing trajectory point 6/28 (error=0.2091, tol=0.1500)."
6,1784104371294358202,0.20703727006912231,"Executing trajectory point 6/28 (error=0.2070, tol=0.1500)."
6,1784104371362121438,0.2040071338415146,"Executing trajectory point 6/28 (error=0.2040, tol=0.1500)."
6,1784104371480105221,0.19996672868728638,"Executing trajectory point 6/28 (error=0.2000, tol=0.1500)."
6,1784104371578678120,0.19693627953529358,"Executing trajectory point 6/28 (error=0.1969, tol=0.1500)."
6,1784104371675090045,0.19188593327999115,"Executing trajectory point 6/28 (error=0.1919, tol=0.1500)."
6,1784104371788685354,0.18784552812576294,"Executing trajectory point 6/28 (error=0.1878, tol=0.1500)."
6,1784104371879267820,0.18279486894607544,"Executing trajectory point 6/28 (error=0.1828, tol=0.1500)."
6,1784104371966954196,0.17673426866531372,"Executing trajectory point 6/28 (error=0.1767, tol=0.1500)."
6,1784104372079215751,0.170673668384552,"Executing trajectory point 6/28 (error=0.1707, tol=0.1500)."
6,1784104372170671352,0.1656230092048645,"Executing trajectory point 6/28 (error=0.1656, tol=0.1500)."
6,1784104372281206563,0.15956273674964905,"Executing trajectory point 6/28 (error=0.1596, tol=0.1500)."
6,1784104372390975128,0.15451207756996155,"Executing trajectory point 6/28 (error=0.1545, tol=0.1500)."
6,1784104372486849730,0.15047167241573334,"Executing trajectory point 6/28 (error=0.1505, tol=0.1500)."
6,1784104372571188325,0.14542101323604584,"Executing trajectory point 6/28 (error=0.1454, tol=0.1500)."
6,1784104372571359668,0.2112729251384735,"Executing trajectory point 7/28 (error=0.2113, tol=0.1500)."
6,1784104372673457933,0.0,Collision predicted; robot stopped and replanning.
6,1784104373376929443,0.0,Collision avoidance replan succeeded; new trajectory has 31 points.
6,1784104373377103822,0.0131314592435956,"Executing trajectory point 1/31 (error=0.0131, tol=0.1500)."
6,1784104373377205304,0.055763520300388336,"Executing trajectory point 2/31 (error=0.0558, tol=0.1500)."
6,1784104373377828208,0.11152704060077667,"Executing trajectory point 3/31 (error=0.1115, tol=0.1500)."
6,1784104373377925652,0.1672905534505844,"Executing trajectory point 4/31 (error=0.1673, tol=0.1500)."
6,1784104373491963876,0.1672905534505844,"Executing trajectory point 4/31 (error=0.1673, tol=0.1500)."
6,1784104373581011167,0.1672905534505844,"Executing trajectory point 4/31 (error=0.1673, tol=0.1500)."
6,1784104373683028410,0.1672905534505844,"Executing trajectory point 4/31 (error=0.1673, tol=0.1500)."
7,1784104381584771465,0.0,"Pose validation: True, Valid PoseStamped"
7,1784104381593293992,0.0,Planning trajectory with move_group (GetMotionPlan)...
7,1784104382163871071,0.0,Planning succeeded. Starting trajectory execution.
7,1784104382166177208,0.026262760162353516,"Executing trajectory point 1/29 (error=0.0263, tol=0.1500)."
7,1784104382166371134,0.09162210673093796,"Executing trajectory point 2/29 (error=0.0916, tol=0.1500)."
7,1784104382166507110,0.1569814532995224,"Executing trajectory point 3/29 (error=0.1570, tol=0.1500)."
7,1784104382267097192,0.15799155831336975,"Executing trajectory point 3/29 (error=0.1580, tol=0.1500)."
7,1784104382367650074,0.1590016633272171,"Executing trajectory point 3/29 (error=0.1590, tol=0.1500)."
7,1784104382468464829,0.1590016633272171,"Executing trajectory point 3/29 (error=0.1590, tol=0.1500)."
7,1784104382571432514,0.1590016633272171,"Executing trajectory point 3/29 (error=0.1590, tol=0.1500)."
7,1784104382670124788,0.1590016633272171,"Executing trajectory point 3/29 (error=0.1590, tol=0.1500)."
7,1784104382770319675,0.1590016633272171,"Executing trajectory point 3/29 (error=0.1590, tol=0.1500)."
7,1784104382870707616,0.1590016633272171,"Executing trajectory point 3/29 (error=0.1590, tol=0.1500)."
7,1784104382971591221,0.1590016633272171,"Executing trajectory point 3/29 (error=0.1590, tol=0.1500)."
7,1784104383076329563,0.15799155831336975,"Executing trajectory point 3/29 (error=0.1580, tol=0.1500)."
7,1784104383199004950,0.15597136318683624,"Executing trajectory point 3/29 (error=0.1560, tol=0.1500)."
7,1784104383446799221,0.1549612581729889,"Executing trajectory point 3/29 (error=0.1550, tol=0.1500)."
7,1784104383447134513,0.15193095803260803,"Executing trajectory point 3/29 (error=0.1519, tol=0.1500)."
7,1784104383476132570,0.14890049397945404,"Executing trajectory point 3/29 (error=0.1489, tol=0.1500)."
7,1784104383476511314,0.21425984799861908,"Executing trajectory point 4/29 (error=0.2143, tol=0.1500)."
7,1784104383576521282,0.21122971177101135,"Executing trajectory point 4/29 (error=0.2112, tol=0.1500)."
7,1784104383677465402,0.20516911149024963,"Executing trajectory point 4/29 (error=0.2052, tol=0.1500)."
7,1784104383777547926,0.20314890146255493,"Executing trajectory point 4/29 (error=0.2031, tol=0.1500)."
7,1784104383878309522,0.20011845231056213,"Executing trajectory point 4/29 (error=0.2001, tol=0.1500)."
7,1784104383978759269,0.1950681060552597,"Executing trajectory point 4/29 (error=0.1951, tol=0.1500)."
7,1784104384081291212,0.1930479109287262,"Executing trajectory point 4/29 (error=0.1930, tol=0.1500)."
7,1784104384179302032,0.18900750577449799,"Executing trajectory point 4/29 (error=0.1890, tol=0.1500)."
7,1784104384281437858,0.18698731064796448,"Executing trajectory point 4/29 (error=0.1870, tol=0.1500)."
7,1784104384381889278,0.18496710062026978,"Executing trajectory point 4/29 (error=0.1850, tol=0.1500)."
7,1784104384482877360,0.18193665146827698,"Executing trajectory point 4/29 (error=0.1819, tol=0.1500)."
7,1784104384582885796,0.17890650033950806,"Executing trajectory point 4/29 (error=0.1789, tol=0.1500)."
7,1784104384684277799,0.17486611008644104,"Executing trajectory point 4/29 (error=0.1749, tol=0.1500)."
7,1784104384782954083,0.17082570493221283,"Executing trajectory point 4/29 (error=0.1708, tol=0.1500)."
7,1784104384883571687,0.16678529977798462,"Executing trajectory point 4/29 (error=0.1668, tol=0.1500)."
7,1784104384983902601,0.1607246994972229,"Executing trajectory point 4/29 (error=0.1607, tol=0.1500)."
7,1784104385084233264,0.15466409921646118,"Executing trajectory point 4/29 (error=0.1547, tol=0.1500)."
7,1784104385184731122,0.14860349893569946,"Executing trajectory point 4/29 (error=0.1486, tol=0.1500)."
7,1784104385185106269,0.2139628529548645,"Executing trajectory point 5/29 (error=0.2140, tol=0.1500)."
7,1784104385285558791,0.2068919986486435,"Executing trajectory point 5/29 (error=0.2069, tol=0.1500)."
7,1784104385393952224,0.20083139836788177,"Executing trajectory point 5/29 (error=0.2008, tol=0.1500)."
7,1784104385486861126,0.19477079808712006,"Executing trajectory point 5/29 (error=0.1948, tol=0.1500)."
7,1784104385587837416,0.18972013890743256,"Executing trajectory point 5/29 (error=0.1897, tol=0.1500)."
7,1784104385688665076,0.18567973375320435,"Executing trajectory point 5/29 (error=0.1857, tol=0.1500)."
7,1784104385788696835,0.18163934350013733,"Executing trajectory point 5/29 (error=0.1816, tol=0.1500)."
7,1784104385889238596,0.1786091923713684,"Executing trajectory point 5/29 (error=0.1786, tol=0.1500)."
7,1784104385989592162,0.17557905614376068,"Executing trajectory point 5/29 (error=0.1756, tol=0.1500)."
7,1784104386090498139,0.1725485920906067,"Executing trajectory point 5/29 (error=0.1725, tol=0.1500)."
7,1784104386193533180,0.17052839696407318,"Executing trajectory point 5/29 (error=0.1705, tol=0.1500)."
7,1784104386291608482,0.1674979329109192,"Executing trajectory point 5/29 (error=0.1675, tol=0.1500)."
7,1784104386392603988,0.16446779668331146,"Executing trajectory point 5/29 (error=0.1645, tol=0.1500)."
7,1784104386493012948,0.16143733263015747,"Executing trajectory point 5/29 (error=0.1614, tol=0.1500)."
7,1784104386594039203,0.15739694237709045,"Executing trajectory point 5/29 (error=0.1574, tol=0.1500)."
7,1784104386702758510,0.15234659612178802,"Executing trajectory point 5/29 (error=0.1523, tol=0.1500)."
7,1784104386796102451,0.14729593694210052,"Executing trajectory point 5/29 (error=0.1473, tol=0.1500)."
7,1784104386796489731,0.21265529096126556,"Executing trajectory point 6/29 (error=0.2127, tol=0.1500)."
7,1784104386896151153,0.20760494470596313,"Executing trajectory point 6/29 (error=0.2076, tol=0.1500)."
7,1784104386997033656,0.20154434442520142,"Executing trajectory point 6/29 (error=0.2015, tol=0.1500)."
7,1784104387097148181,0.19649368524551392,"Executing trajectory point 6/29 (error=0.1965, tol=0.1500)."
7,1784104387197541913,0.1904330849647522,"Executing trajectory point 6/29 (error=0.1904, tol=0.1500)."
7,1784104387298344345,0.18538273870944977,"Executing trajectory point 6/29 (error=0.1854, tol=0.1500)."
7,1784104387398654840,0.18033207952976227,"Executing trajectory point 6/29 (error=0.1803, tol=0.1500)."
7,1784104387501984627,0.17528174817562103,"Executing trajectory point 6/29 (error=0.1753, tol=0.1500)."
7,1784104387611961966,0.17124134302139282,"Executing trajectory point 6/29 (error=0.1712, tol=0.1500)."
7,1784104387715604392,0.16821087896823883,"Executing trajectory point 6/29 (error=0.1682, tol=0.1500)."
7,1784104387801655275,0.1651807427406311,"Executing trajectory point 6/29 (error=0.1652, tol=0.1500)."
7,1784104387918067254,0.1631605476140976,"Executing trajectory point 6/29 (error=0.1632, tol=0.1500)."
7,1784104388019744696,0.1621502786874771,"Executing trajectory point 6/29 (error=0.1622, tol=0.1500)."
7,1784104388102440453,0.1621502786874771,"Executing trajectory point 6/29 (error=0.1622, tol=0.1500)."
7,1784104388221257687,0.1621502786874771,"Executing trajectory point 6/29 (error=0.1622, tol=0.1500)."
7,1784104388320963552,0.1621502786874771,"Executing trajectory point 6/29 (error=0.1622, tol=0.1500)."
7,1784104388416347520,0.1611403375864029,"Executing trajectory point 6/29 (error=0.1611, tol=0.1500)."
7,1784104388525431745,0.1611403375864029,"Executing trajectory point 6/29 (error=0.1611, tol=0.1500)."
7,1784104388616493524,0.1611403375864029,"Executing trajectory point 6/29 (error=0.1611, tol=0.1500)."
7,1784104388710814788,0.1601300835609436,"Executing trajectory point 6/29 (error=0.1601, tol=0.1500)."
7,1784104388819995144,0.15912014245986938,"Executing trajectory point 6/29 (error=0.1591, tol=0.1500)."
7,1784104388920892125,0.1581098884344101,"Executing trajectory point 6/29 (error=0.1581, tol=0.1500)."
7,1784104389021836364,0.15709994733333588,"Executing trajectory point 6/29 (error=0.1571, tol=0.1500)."
7,1784104389113784274,0.15507973730564117,"Executing trajectory point 6/29 (error=0.1551, tol=0.1500)."
7,1784104389227318348,0.15204928815364838,"Executing trajectory point 6/29 (error=0.1520, tol=0.1500)."
7,1784104389312104597,0.14901913702487946,"Executing trajectory point 6/29 (error=0.1490, tol=0.1500)."
7,1784104389317597051,0.2143784910440445,"Executing trajectory point 7/29 (error=0.2144, tol=0.1500)."
7,1784104389409010534,0.2113480269908905,"Executing trajectory point 7/29 (error=0.2113, tol=0.1500)."
7,1784104389509185433,0.2073076367378235,"Executing trajectory point 7/29 (error=0.2073, tol=0.1500)."
7,1784104389619649078,0.20326723158359528,"Executing trajectory point 7/29 (error=0.2033, tol=0.1500)."
7,1784104389711536624,0.19821657240390778,"Executing trajectory point 7/29 (error=0.1982, tol=0.1500)."
7,1784104389834129686,0.19316622614860535,"Executing trajectory point 7/29 (error=0.1932, tol=0.1500)."
7,1784104389924327607,0.1881158947944641,"Executing trajectory point 7/29 (error=0.1881, tol=0.1500)."
7,1784104390035651334,0.18205496668815613,"Executing trajectory point 7/29 (error=0.1821, tol=0.1500)."
7,1784104390130950702,0.17599469423294067,"Executing trajectory point 7/29 (error=0.1760, tol=0.1500)."
7,1784104390218110565,0.17094403505325317,"Executing trajectory point 7/29 (error=0.1709, tol=0.1500)."
7,1784104390329664436,0.16589337587356567,"Executing trajectory point 7/29 (error=0.1659, tol=0.1500)."
7,1784104390422506181,0.16185297071933746,"Executing trajectory point 7/29 (error=0.1619, tol=0.1500)."
7,1784104390523619770,0.15781256556510925,"Executing trajectory point 7/29 (error=0.1578, tol=0.1500)."
7,1784104390619084630,0.15478242933750153,"Executing trajectory point 7/29 (error=0.1548, tol=0.1500)."
7,1784104390720920861,0.1517522931098938,"Executing trajectory point 7/29 (error=0.1518, tol=0.1500)."
7,1784104390832443683,0.1487218290567398,"Executing trajectory point 7/29 (error=0.1487, tol=0.1500)."
7,1784104390832957562,0.21408118307590485,"Executing trajectory point 8/29 (error=0.2141, tol=0.1500)."
7,1784104390933666558,0.0,Collision predicted; robot stopped and replanning.
7,1784104391950316672,0.0,Collision avoidance replan succeeded; new trajectory has 46 points.
7,1784104391950496131,0.018181800842285156,"Executing trajectory point 1/46 (error=0.0182, tol=0.1500)."
7,1784104391950591000,0.06480171531438828,"Executing trajectory point 2/46 (error=0.0648, tol=0.1500)."
7,1784104391950681711,0.1477852314710617,"Executing trajectory point 3/46 (error=0.1478, tol=0.1500)."
7,1784104391950767172,0.23076875507831573,"Executing trajectory point 4/46 (error=0.2308, tol=0.1500)."
8,1784104399470791119,0.0,"Pose validation: True, Valid PoseStamped"
8,1784104399482468012,0.0,Planning trajectory with move_group (GetMotionPlan)...
8,1784104400160309907,0.0,Planning succeeded. Starting trajectory execution.
8,1784104400162033867,0.01745329238474369,"Executing trajectory point 1/29 (error=0.0175, tol=0.1500)."
8,1784104400162215209,0.07236460596323013,"Executing trajectory point 2/29 (error=0.0724, tol=0.1500)."
8,1784104400162347007,0.13664841651916504,"Executing trajectory point 3/29 (error=0.1366, tol=0.1500)."
8,1784104400162476922,0.20093221962451935,"Executing trajectory point 4/29 (error=0.2009, tol=0.1500)."
8,1784104400262605304,0.20093221962451935,"Executing trajectory point 4/29 (error=0.2009, tol=0.1500)."
8,1784104400363583868,0.20093221962451935,"Executing trajectory point 4/29 (error=0.2009, tol=0.1500)."
8,1784104400464025621,0.20093221962451935,"Executing trajectory point 4/29 (error=0.2009, tol=0.1500)."
8,1784104400564953810,0.20194216072559357,"Executing trajectory point 4/29 (error=0.2019, tol=0.1500)."
8,1784104400667540306,0.20093221962451935,"Executing trajectory point 4/29 (error=0.2009, tol=0.1500)."
8,1784104400766175352,0.20093221962451935,"Executing trajectory point 4/29 (error=0.2009, tol=0.1500)."
8,1784104400872023226,0.20093221962451935,"Executing trajectory point 4/29 (error=0.2009, tol=0.1500)."
8,1784104400967963142,0.20093221962451935,"Executing trajectory point 4/29 (error=0.2009, tol=0.1500)."
8,1784104401069503565,0.20093221962451935,"Executing trajectory point 4/29 (error=0.2009, tol=0.1500)."
8,1784104401171527561,0.20093221962451935,"Executing trajectory point 4/29 (error=0.2009, tol=0.1500)."
8,1784104401269688784,0.19891202449798584,"Executing trajectory point 4/29 (error=0.1989, tol=0.1500)."
8,1784104401369732706,0.19790177047252655,"Executing trajectory point 4/29 (error=0.1979, tol=0.1500)."
8,1784104401470547051,0.19588156044483185,"Executing trajectory point 4/29 (error=0.1959, tol=0.1500)."
8,1784104401574011061,0.19285142421722412,"Executing trajectory point 4/29 (error=0.1929, tol=0.1500)."
8,1784104401670655565,0.18982096016407013,"Executing trajectory point 4/29 (error=0.1898, tol=0.1500)."
8,1784104401771359882,0.1857805699110031,"Executing trajectory point 4/29 (error=0.1858, tol=0.1500)."
8,1784104401871709431,0.1797199696302414,"Executing trajectory point 4/29 (error=0.1797, tol=0.1500)."
8,1784104401972041767,0.17466962337493896,"Executing trajectory point 4/29 (error=0.1747, tol=0.1500)."
8,1784104402072573799,0.16860902309417725,"Executing trajectory point 4/29 (error=0.1686, tol=0.1500)."
8,1784104402172682384,0.16355836391448975,"Executing trajectory point 4/29 (error=0.1636, tol=0.1500)."
8,1784104402273658554,0.15749776363372803,"Executing trajectory point 4/29 (error=0.1575, tol=0.1500)."
8,1784104402373562783,0.1514371633529663,"Executing trajectory point 4/29 (error=0.1514, tol=0.1500)."
8,1784104402474707711,0.1463865041732788,"Executing trajectory point 4/29 (error=0.1464, tol=0.1500)."
8,1784104402474859687,0.21067030727863312,"Executing trajectory point 5/29 (error=0.2107, tol=0.1500)."
8,1784104402576913619,0.20561997592449188,"Executing trajectory point 5/29 (error=0.2056, tol=0.1500)."
8,1784104402686408909,0.2025895118713379,"Executing trajectory point 5/29 (error=0.2026, tol=0.1500)."
8,1784104402776271217,0.19854910671710968,"Executing trajectory point 5/29 (error=0.1985, tol=0.1500)."
8,1784104402876626226,0.19652891159057617,"Executing trajectory point 5/29 (error=0.1965, tol=0.1500)."
8,1784104402977377872,0.19349877536296844,"Executing trajectory point 5/29 (error=0.1935, tol=0.1500)."
8,1784104403077645326,0.19046831130981445,"Executing trajectory point 5/29 (error=0.1905, tol=0.1500)."
8,1784104403178056231,0.18743817508220673,"Executing trajectory point 5/29 (error=0.1874, tol=0.1500)."
8,1784104403278476172,0.18339776992797852,"Executing trajectory point 5/29 (error=0.1834, tol=0.1500)."
8,1784104403379205076,0.17834711074829102,"Executing trajectory point 5/29 (error=0.1783, tol=0.1500)."
8,1784104403479387189,0.1732967644929886,"Executing trajectory point 5/29 (error=0.1733, tol=0.1500)."
8,1784104403581188544,0.1682461053133011,"Executing trajectory point 5/29 (error=0.1682, tol=0.1500)."
8,1784104403691943299,0.16319577395915985,"Executing trajectory point 5/29 (error=0.1632, tol=0.1500)."
8,1784104403781790348,0.15713517367839813,"Executing trajectory point 5/29 (error=0.1571, tol=0.1500)."
8,1784104403882727524,0.1510745733976364,"Executing trajectory point 5/29 (error=0.1511, tol=0.1500)."
8,1784104403982964310,0.1460239142179489,"Executing trajectory point 5/29 (error=0.1460, tol=0.1500)."
8,1784104403983187741,0.21030771732330322,"Executing trajectory point 6/29 (error=0.2103, tol=0.1500)."
8,1784104404083368251,0.2052573710680008,"Executing trajectory point 6/29 (error=0.2053, tol=0.1500)."
8,1784104404184253520,0.2002067118883133,"Executing trajectory point 6/29 (error=0.2002, tol=0.1500)."
8,1784104404284619670,0.19616632163524628,"Executing trajectory point 6/29 (error=0.1962, tol=0.1500)."
8,1784104404385039140,0.19212591648101807,"Executing trajectory point 6/29 (error=0.1921, tol=0.1500)."
8,1784104404485316332,0.18909578025341034,"Executing trajectory point 6/29 (error=0.1891, tol=0.1500)."
8,1784104404587439294,0.18707557022571564,"Executing trajectory point 6/29 (error=0.1871, tol=0.1500)."
8,1784104404685415789,0.18404512107372284,"Executing trajectory point 6/29 (error=0.1840, tol=0.1500)."
8,1784104404785775236,0.18202491104602814,"Executing trajectory point 6/29 (error=0.1820, tol=0.1500)."
8,1784104404886513518,0.1789947748184204,"Executing trajectory point 6/29 (error=0.1790, tol=0.1500)."
8,1784104404987190113,0.1749543696641922,"Executing trajectory point 6/29 (error=0.1750, tol=0.1500)."
8,1784104405087783692,0.1719239205121994,"Executing trajectory point 6/29 (error=0.1719, tol=0.1500)."
8,1784104405188200126,0.16687357425689697,"Executing trajectory point 6/29 (error=0.1669, tol=0.1500)."
8,1784104405291261016,0.16283316910266876,"Executing trajectory point 6/29 (error=0.1628, tol=0.1500)."
8,1784104405392785590,0.15778250992298126,"Executing trajectory point 6/29 (error=0.1578, tol=0.1500)."
8,1784104405490658510,0.15172190964221954,"Executing trajectory point 6/29 (error=0.1517, tol=0.1500)."
8,1784104405591122985,0.14566130936145782,"Executing trajectory point 6/29 (error=0.1457, tol=0.1500)."
8,1784104405591328031,0.20994512736797333,"Executing trajectory point 7/29 (error=0.2099, tol=0.1500)."
8,1784104405691914246,0.20489446818828583,"Executing trajectory point 7/29 (error=0.2049, tol=0.1500)."
8,1784104405792438995,0.19883418083190918,"Executing trajectory point 7/29 (error=0.1988, tol=0.1500)."
8,1784104405892872251,0.19378352165222168,"Executing trajectory point 7/29 (error=0.1938, tol=0.1500)."
8,1784104405993283967,0.18974311649799347,"Executing trajectory point 7/29 (error=0.1897, tol=0.1500)."
8,1784104406094037948,0.18469245731830597,"Executing trajectory point 7/29 (error=0.1847, tol=0.1500)."
8,1784104406196457820,0.18166232109069824,"Executing trajectory point 7/29 (error=0.1817, tol=0.1500)."
8,1784104406294649270,0.17762191593647003,"Executing trajectory point 7/29 (error=0.1776, tol=0.1500)."
8,1784104406394916924,0.1745917797088623,"Executing trajectory point 7/29 (error=0.1746, tol=0.1500)."
8,1784104406495222199,0.17257125675678253,"Executing trajectory point 7/29 (error=0.1726, tol=0.1500)."
8,1784104406597714127,0.1695411205291748,"Executing trajectory point 7/29 (error=0.1695, tol=0.1500)."
8,1784104406696735572,0.1675209254026413,"Executing trajectory point 7/29 (error=0.1675, tol=0.1500)."
8,1784104406798187779,0.1644904613494873,"Executing trajectory point 7/29 (error=0.1645, tol=0.1500)."
8,1784104406898918726,0.16146032512187958,"Executing trajectory point 7/29 (error=0.1615, tol=0.1500)."
8,1784104406999295917,0.15640966594219208,"Executing trajectory point 7/29 (error=0.1564, tol=0.1500)."
8,1784104407122186450,0.15236926078796387,"Executing trajectory point 7/29 (error=0.1524, tol=0.1500)."
8,1784104407250111724,0.14832885563373566,"Executing trajectory point 7/29 (error=0.1483, tol=0.1500)."
8,1784104407250310689,0.21261267364025116,"Executing trajectory point 8/29 (error=0.2126, tol=0.1500)."
8,1784104407451684318,0.0,Collision predicted; robot stopped and replanning.
8,1784104409467606407,0.0,Collision avoidance replan succeeded; new trajectory has 31 points.
9,1784104416139418364,0.0,"Pose validation: True, Valid PoseStamped"
9,1784104416139780898,0.0,Planning trajectory with move_group (GetMotionPlan)...
9,1784104416746138211,0.0,Planning succeeded. Starting trajectory execution.
9,1784104416746599460,0.030303001403808594,"Executing trajectory point 1/28 (error=0.0303, tol=0.1500)."
9,1784104416746786473,0.09583979845046997,"Executing trajectory point 2/28 (error=0.0958, tol=0.1500)."
9,1784104416746930695,0.16137659549713135,"Executing trajectory point 3/28 (error=0.1614, tol=0.1500)."
9,1784104416848712123,0.16137659549713135,"Executing trajectory point 3/28 (error=0.1614, tol=0.1500)."
9,1784104416935296702,0.16137659549713135,"Executing trajectory point 3/28 (error=0.1614, tol=0.1500)."
9,1784104417036838238,0.16137659549713135,"Executing trajectory point 3/28 (error=0.1614, tol=0.1500)."
9,1784104417160189639,0.16137659549713135,"Executing trajectory point 3/28 (error=0.1614, tol=0.1500)."
9,1784104417243669495,0.16137659549713135,"Executing trajectory point 3/28 (error=0.1614, tol=0.1500)."
9,1784104417353746482,0.16137659549713135,"Executing trajectory point 3/28 (error=0.1614, tol=0.1500)."
9,1784104417437865944,0.16137659549713135,"Executing trajectory point 3/28 (error=0.1614, tol=0.1500)."
9,1784104417540453041,0.16137659549713135,"Executing trajectory point 3/28 (error=0.1614, tol=0.1500)."
9,1784104417647013448,0.16137659549713135,"Executing trajectory point 3/28 (error=0.1614, tol=0.1500)."
9,1784104417746159728,0.16137659549713135,"Executing trajectory point 3/28 (error=0.1614, tol=0.1500)."
9,1784104417871711057,0.16036665439605713,"Executing trajectory point 3/28 (error=0.1604, tol=0.1500)."
9,1784104417951663613,0.15935640037059784,"Executing trajectory point 3/28 (error=0.1594, tol=0.1500)."
9,1784104418056147426,0.15834645926952362,"Executing trajectory point 3/28 (error=0.1583, tol=0.1500)."
9,1784104418146000988,0.15531599521636963,"Executing trajectory point 3/28 (error=0.1553, tol=0.1500)."
9,1784104418244620214,0.15329580008983612,"Executing trajectory point 3/28 (error=0.1533, tol=0.1500)."
9,1784104418355120870,0.1492553949356079,"Executing trajectory point 3/28 (error=0.1493, tol=0.1500)."
9,1784104418355302392,0.2147921919822693,"Executing trajectory point 4/28 (error=0.2148, tol=0.1500)."
9,1784104418443825626,0.21176205575466156,"Executing trajectory point 4/28 (error=0.2118, tol=0.1500)."
9,1784104418561641352,0.20671139657497406,"Executing trajectory point 4/28 (error=0.2067, tol=0.1500)."
9,1784104418645006481,0.20166105031967163,"Executing trajectory point 4/28 (error=0.2017, tol=0.1500)."
9,1784104418762089225,0.1956004500389099,"Executing trajectory point 4/28 (error=0.1956, tol=0.1500)."
9,1784104418846137803,0.1905497908592224,"Executing trajectory point 4/28 (error=0.1905, tol=0.1500)."
9,1784104418963843171,0.1844891905784607,"Executing trajectory point 4/28 (error=0.1845, tol=0.1500)."
9,1784104419070793614,0.17943885922431946,"Executing trajectory point 4/28 (error=0.1794, tol=0.1500)."
9,1784104419153340411,0.17438820004463196,"Executing trajectory point 4/28 (error=0.1744, tol=0.1500)."
9,1784104419261740296,0.16933754086494446,"Executing trajectory point 4/28 (error=0.1693, tol=0.1500)."
9,1784104419351110386,0.16529713571071625,"Executing trajectory point 4/28 (error=0.1653, tol=0.1500)."
9,1784104419450644758,0.16226699948310852,"Executing trajectory point 4/28 (error=0.1623, tol=0.1500)."
9,1784104419552442487,0.15923653542995453,"Executing trajectory point 4/28 (error=0.1592, tol=0.1500)."
9,1784104419675212753,0.1562063992023468,"Executing trajectory point 4/28 (error=0.1562, tol=0.1500)."
9,1784104419761223029,0.1531759351491928,"Executing trajectory point 4/28 (error=0.1532, tol=0.1500)."
9,1784104419860515455,0.1491355299949646,"Executing trajectory point 4/28 (error=0.1491, tol=0.1500)."
9,1784104419860763142,0.21467234194278717,"Executing trajectory point 5/28 (error=0.2147, tol=0.1500)."
9,1784104419951166781,0.21063193678855896,"Executing trajectory point 5/28 (error=0.2106, tol=0.1500)."
9,1784104420065309312,0.20659153163433075,"Executing trajectory point 5/28 (error=0.2066, tol=0.1500)."
9,1784104420154176143,0.20154120028018951,"Executing trajectory point 5/28 (error=0.2015, tol=0.1500)."
9,1784104420264143353,0.19649054110050201,"Executing trajectory point 5/28 (error=0.1965, tol=0.1500)."
9,1784104420353123167,0.1904299408197403,"Executing trajectory point 5/28 (error=0.1904, tol=0.1500)."
9,1784104420459683224,0.18436934053897858,"Executing trajectory point 5/28 (error=0.1844, tol=0.1500)."
9,1784104420553671962,0.17931899428367615,"Executing trajectory point 5/28 (error=0.1793, tol=0.1500)."
9,1784104420675989324,0.17325839400291443,"Executing trajectory point 5/28 (error=0.1733, tol=0.1500)."
9,1784104420755222183,0.16820773482322693,"Executing trajectory point 5/28 (error=0.1682, tol=0.1500)."
9,1784104420858404813,0.16416732966899872,"Executing trajectory point 5/28 (error=0.1642, tol=0.1500)."
9,1784104420955571071,0.1601269394159317,"Executing trajectory point 5/28 (error=0.1601, tol=0.1500)."
9,1784104421058022602,0.1560865342617035,"Executing trajectory point 5/28 (error=0.1561, tol=0.1500)."
9,1784104421157023498,0.15305639803409576,"Executing trajectory point 5/28 (error=0.1531, tol=0.1500)."
9,1784104421258581986,0.15002593398094177,"Executing trajectory point 5/28 (error=0.1500, tol=0.1500)."
9,1784104421373796618,0.14800573885440826,"Executing trajectory point 5/28 (error=0.1480, tol=0.1500)."
9,1784104421374052651,0.21354253590106964,"Executing trajectory point 6/28 (error=0.2135, tol=0.1500)."
9,1784104421458523455,0.21051238477230072,"Executing trajectory point 6/28 (error=0.2105, tol=0.1500)."
9,1784104421559508602,0.20748193562030792,"Executing trajectory point 6/28 (error=0.2075, tol=0.1500)."
9,1784104421681366999,0.204451784491539,"Executing trajectory point 6/28 (error=0.2045, tol=0.1500)."
9,1784104421762463712,0.2014213353395462,"Executing trajectory point 6/28 (error=0.2014, tol=0.1500)."
9,1784104421860892550,0.19637098908424377,"Executing trajectory point 6/28 (error=0.1964, tol=0.1500)."
9,1784104421969979770,0.19132032990455627,"Executing trajectory point 6/28 (error=0.1913, tol=0.1500)."
9,1784104422074767616,0.18626967072486877,"Executing trajectory point 6/28 (error=0.1863, tol=0.1500)."
9,1784104422163354841,0.18121932446956635,"Executing trajectory point 6/28 (error=0.1812, tol=0.1500)."
9,1784104422262345057,0.17515872418880463,"Executing trajectory point 6/28 (error=0.1752, tol=0.1500)."
9,1784104422374042178,0.1690981239080429,"Executing trajectory point 6/28 (error=0.1691, tol=0.1500)."
9,1784104422463730629,0.16404779255390167,"Executing trajectory point 6/28 (error=0.1640, tol=0.1500)."
9,1784104422563504392,0.15899713337421417,"Executing trajectory point 6/28 (error=0.1590, tol=0.1500)."
9,1784104422672791369,0.15394647419452667,"Executing trajectory point 6/28 (error=0.1539, tol=0.1500)."
9,1784104422769678741,0.14990606904029846,"Executing trajectory point 6/28 (error=0.1499, tol=0.1500)."
9,1784104422769928191,0.21544286608695984,"Executing trajectory point 7/28 (error=0.2154, tol=0.1500)."
9,1784104422865937318,0.0,Collision predicted; robot stopped and replanning.
9,1784104424914983664,0.0,Collision avoidance replan succeeded; new trajectory has 36 points.
10,1784104469647201139,0.0,"Pose validation: True, Valid PoseStamped"
10,1784104469656460385,0.0,Planning trajectory with move_group (GetMotionPlan)...
10,1784104470359160935,0.0,Planning succeeded. Starting trajectory execution.
10,1784104470359527035,0.0030303001403808594,"Executing trajectory point 1/30 (error=0.0030, tol=0.1500)."
10,1784104470359742802,0.06662953644990921,"Executing trajectory point 2/30 (error=0.0666, tol=0.1500)."
10,1784104470359902012,0.13022877275943756,"Executing trajectory point 3/30 (error=0.1302, tol=0.1500)."
10,1784104470360038429,0.19382800161838531,"Executing trajectory point 4/30 (error=0.1938, tol=0.1500)."
10,1784104470460196898,0.19382800161838531,"Executing trajectory point 4/30 (error=0.1938, tol=0.1500)."
10,1784104470560599667,0.19382800161838531,"Executing trajectory point 4/30 (error=0.1938, tol=0.1500)."
10,1784104470660532741,0.19382800161838531,"Executing trajectory point 4/30 (error=0.1938, tol=0.1500)."
10,1784104470760699906,0.19382800161838531,"Executing trajectory point 4/30 (error=0.1938, tol=0.1500)."
10,1784104470861247578,0.19382800161838531,"Executing trajectory point 4/30 (error=0.1938, tol=0.1500)."
10,1784104470961645158,0.19382800161838531,"Executing trajectory point 4/30 (error=0.1938, tol=0.1500)."
10,1784104471070945781,0.19382800161838531,"Executing trajectory point 4/30 (error=0.1938, tol=0.1500)."
10,1784104471195322546,0.19382800161838531,"Executing trajectory point 4/30 (error=0.1938, tol=0.1500)."
10,1784104471369957007,0.19281791150569916,"Executing trajectory point 4/30 (error=0.1928, tol=0.1500)."
10,1784104471422534676,0.1918078064918518,"Executing trajectory point 4/30 (error=0.1918, tol=0.1500)."
10,1784104471464208911,0.1897876113653183,"Executing trajectory point 4/30 (error=0.1898, tol=0.1500)."
10,1784104471564856241,0.1877674013376236,"Executing trajectory point 4/30 (error=0.1878, tol=0.1500)."
10,1784104471669711935,0.18372701108455658,"Executing trajectory point 4/30 (error=0.1837, tol=0.1500)."
10,1784104471765952427,0.17968660593032837,"Executing trajectory point 4/30 (error=0.1797, tol=0.1500)."
10,1784104471866607201,0.17463594675064087,"Executing trajectory point 4/30 (error=0.1746, tol=0.1500)."
10,1784104471967084481,0.16958560049533844,"Executing trajectory point 4/30 (error=0.1696, tol=0.1500)."
10,1784104472067425584,0.16453494131565094,"Executing trajectory point 4/30 (error=0.1645, tol=0.1500)."
10,1784104472169016273,0.16049455106258392,"Executing trajectory point 4/30 (error=0.1605, tol=0.1500)."
10,1784104472269050347,0.1564541459083557,"Executing trajectory point 4/30 (error=0.1565, tol=0.1500)."
10,1784104472369608088,0.15342400968074799,"Executing trajectory point 4/30 (error=0.1534, tol=0.1500)."
10,1784104472469962006,0.150393545627594,"Executing trajectory point 4/30 (error=0.1504, tol=0.1500)."
10,1784104472570624585,0.14736340939998627,"Executing trajectory point 4/30 (error=0.1474, tol=0.1500)."
10,1784104472570944277,0.21096263825893402,"Executing trajectory point 5/30 (error=0.2110, tol=0.1500)."
10,1784104472671088900,0.20793217420578003,"Executing trajectory point 5/30 (error=0.2079, tol=0.1500)."
10,1784104472771675055,0.203891783952713,"Executing trajectory point 5/30 (error=0.2039, tol=0.1500)."
10,1784104472872202609,0.1998513787984848,"Executing trajectory point 5/30 (error=0.1999, tol=0.1500)."
10,1784104472972942744,0.1958109736442566,"Executing trajectory point 5/30 (error=0.1958, tol=0.1500)."
10,1784104473073428450,0.19076064229011536,"Executing trajectory point 5/30 (error=0.1908, tol=0.1500)."
10,1784104473173169211,0.18570998311042786,"Executing trajectory point 5/30 (error=0.1857, tol=0.1500)."
10,1784104473274171230,0.18065963685512543,"Executing trajectory point 5/30 (error=0.1807, tol=0.1500)."
10,1784104473374205996,0.1745990365743637,"Executing trajectory point 5/30 (error=0.1746, tol=0.1500)."
10,1784104473475152610,0.1695483773946762,"Executing trajectory point 5/30 (error=0.1695, tol=0.1500)."
10,1784104473575994648,0.1634877771139145,"Executing trajectory point 5/30 (error=0.1635, tol=0.1500)."
10,1784104473677782117,0.158437117934227,"Executing trajectory point 5/30 (error=0.1584, tol=0.1500)."
10,1784104473776723161,0.15439671277999878,"Executing trajectory point 5/30 (error=0.1544, tol=0.1500)."
10,1784104473877365862,0.14934638142585754,"Executing trajectory point 5/30 (error=0.1493, tol=0.1500)."
10,1784104473877629730,0.2129456102848053,"Executing trajectory point 6/30 (error=0.2129, tol=0.1500)."
10,1784104473978401214,0.2089052051305771,"Executing trajectory point 6/30 (error=0.2089, tol=0.1500)."
10,1784104474083855426,0.2058747559785843,"Executing trajectory point 6/30 (error=0.2059, tol=0.1500)."
10,1784104474179655769,0.20284460484981537,"Executing trajectory point 6/30 (error=0.2028, tol=0.1500)."
10,1784104474279690164,0.20082440972328186,"Executing trajectory point 6/30 (error=0.2008, tol=0.1500)."
10,1784104474380997539,0.19779394567012787,"Executing trajectory point 6/30 (error=0.1978, tol=0.1500)."
10,1784104474482136726,0.19577375054359436,"Executing trajectory point 6/30 (error=0.1958, tol=0.1500)."
10,1784104474585460001,0.19173334538936615,"Executing trajectory point 6/30 (error=0.1917, tol=0.1500)."
10,1784104474707238458,0.18870320916175842,"Executing trajectory point 6/30 (error=0.1887, tol=0.1500)."
10,1784104474782774197,0.1846628040075302,"Executing trajectory point 6/30 (error=0.1847, tol=0.1500)."
10,1784104474883221441,0.1806224137544632,"Executing trajectory point 6/30 (error=0.1806, tol=0.1500)."
10,1784104474983532998,0.17456181347370148,"Executing trajectory point 6/30 (error=0.1746, tol=0.1500)."
10,1784104475084400213,0.16951115429401398,"Executing trajectory point 6/30 (error=0.1695, tol=0.1500)."
10,1784104475184612713,0.16446080803871155,"Executing trajectory point 6/30 (error=0.1645, tol=0.1500)."
10,1784104475285039628,0.15840020775794983,"Executing trajectory point 6/30 (error=0.1584, tol=0.1500)."
10,1784104475385389468,0.1523396074771881,"Executing trajectory point 6/30 (error=0.1523, tol=0.1500)."
10,1784104475497152513,0.1472889482975006,"Executing trajectory point 6/30 (error=0.1473, tol=0.1500)."
10,1784104475497415429,0.21088817715644836,"Executing trajectory point 7/30 (error=0.2109, tol=0.1500)."
10,1784104475600192033,0.20583784580230713,"Executing trajectory point 7/30 (error=0.2058, tol=0.1500)."
10,1784104475687332220,0.20179744064807892,"Executing trajectory point 7/30 (error=0.2018, tol=0.1500)."
10,1784104475787626976,0.1977570354938507,"Executing trajectory point 7/30 (error=0.1978, tol=0.1500)."
10,1784104475888153578,0.1937166452407837,"Executing trajectory point 7/30 (error=0.1937, tol=0.1500)."
10,1784104475988751125,0.1906861811876297,"Executing trajectory point 7/30 (error=0.1907, tol=0.1500)."
10,1784104476088776212,0.1886659860610962,"Executing trajectory point 7/30 (error=0.1887, tol=0.1500)."
10,1784104476189612248,0.18563583493232727,"Executing trajectory point 7/30 (error=0.1856, tol=0.1500)."
10,1784104476289687369,0.18361563980579376,"Executing trajectory point 7/30 (error=0.1836, tol=0.1500)."
10,1784104476389895251,0.18058517575263977,"Executing trajectory point 7/30 (error=0.1806, tol=0.1500)."
10,1784104476490258035,0.17755503952503204,"Executing trajectory point 7/30 (error=0.1776, tol=0.1500)."
10,1784104476591070517,0.17351463437080383,"Executing trajectory point 7/30 (error=0.1735, tol=0.1500)."
10,1784104476692122971,0.16947424411773682,"Executing trajectory point 7/30 (error=0.1695, tol=0.1500)."
10,1784104476792441521,0.16442358493804932,"Executing trajectory point 7/30 (error=0.1644, tol=0.1500)."
10,1784104476892927036,0.15937292575836182,"Executing trajectory point 7/30 (error=0.1594, tol=0.1500)."
10,1784104476993352879,0.15331263840198517,"Executing trajectory point 7/30 (error=0.1533, tol=0.1500)."
10,1784104477093475661,0.14826197922229767,"Executing trajectory point 7/30 (error=0.1483, tol=0.1500)."
10,1784104477093818297,0.21186122298240662,"Executing trajectory point 8/30 (error=0.2119, tol=0.1500)."
10,1784104477195749778,0.0,Collision predicted; robot stopped and replanning.
10,1784104478033232029,0.0,Collision avoidance replan succeeded; new trajectory has 36 points.
10,1784104478033379948,0.020202001556754112,"Executing trajectory point 1/36 (error=0.0202, tol=0.1500)."
10,1784104478033473033,0.02984282374382019,"Executing trajectory point 2/36 (error=0.0298, tol=0.1500)."
10,1784104478033570197,0.07988765090703964,"Executing trajectory point 3/36 (error=0.0799, tol=0.1500)."
10,1784104478033660006,0.1299324780702591,"Executing trajectory point 4/36 (error=0.1299, tol=0.1500)."
10,1784104478033747190,0.17997729778289795,"Executing trajectory point 5/36 (error=0.1800, tol=0.1500)."
10,1784104478134124261,0.17997729778289795,"Executing trajectory point 5/36 (error=0.1800, tol=0.1500)."
10,1784104478234880006,0.17997729778289795,"Executing trajectory point 5/36 (error=0.1800, tol=0.1500)."
